<?xml version="1.0" encoding="UTF-8"?>
<!DOCTYPE struts-config PUBLIC "-//Apache Software Foundation//DTD Struts Configuration 1.3//EN" "http://struts.apache.org/dtds/struts-config_1_3.dtd">

<struts-config>
  <form-beans>
    <form-bean name="registForm" type="struts.form.RegistForm" />
    <form-bean name="loginForm" type="struts.form.LoginForm" />
    <form-bean name="updateDataForm" type="struts.form.UpdateDataForm" />
    <form-bean name="examResultForm" type="struts.form.ExamResultForm" />
    <form-bean name="addMessageForm" type="struts.form.AddMessageForm" />
    <form-bean name="mloginForm" type="struts.form.MloginForm" />
    <form-bean name="mRegistForm" type="struts.form.MRegistForm" />
    <form-bean name="addActivityForm" type="struts.form.AddActivityForm" />
    <form-bean name="modifyUserForm" type="struts.form.ModifyUserForm" />
    <form-bean name="addShopForm" type="struts.form.AddShopForm" />
    <form-bean name="modifyShopForm" type="struts.form.ModifyShopForm" />
    <form-bean name="modifyActivityForm" type="struts.form.ModifyActivityForm" />
    <form-bean name="modifyWorkTimeForm" type="struts.form.ModifyWorkTimeForm" />
    <form-bean name="addExperienceForm" type="struts.form.AddExperienceForm" />
    <form-bean name="modifyExperienceForm" type="struts.form.ModifyExperienceForm" />
    <form-bean name="addTMForm" type="struts.form.AddTMForm" />
    <form-bean name="modifyTMForm" type="struts.form.ModifyTMForm" />
    <form-bean name="addWorkTimeForm" type="struts.form.AddWorkTimeForm" />
    <form-bean name="modifyPWForm" type="struts.form.ModifyPWForm" /> 
     
  </form-beans> 
  <global-exceptions />
  <global-forwards /> 
  <action-mappings>

    <action
      attribute="registForm"
      name="registForm"
      path="/regist"
      scope="request"
      type="struts.action.RegistAction"
      validate="true"
      input="/Regist.jsp">
      <forward name="fail" path="/Regist.jsp" />
      <forward name="success" path="/Login.jsp" />
    </action>
    
    <action
      attribute="loginForm"
      name="loginForm"
      path="/login"
      scope="request"
      type="struts.action.LoginAction"
      validate="true"
      input="/Login.jsp">
      <forward name="fail" path="/Login.jsp" />
      <forward name="success" path="/Index.jsp" />
    </action>
    
    <action path="/goodslist" type="struts.action.GoodslistAction">
      <forward name="success" path="/goodslist.jsp" />
    </action>
    
    <action path="/goods" type="struts.action.GoodsAction">
      <forward name="success" path="/goodsDetail.jsp" />
      <forward name="m" path="/shopDetail.jsp" />
    </action>
    
    <action path="/cart" type="struts.action.CartAction">
      <forward name="success" path="/cart.jsp" />
    </action>
    
    <action path="/deleteGoods" type="struts.action.DeleteGoodsAction">
      <forward name="success" path="/cart.do?flag=del" />
    </action>
    
    <action path="/orderconfirm" type="struts.action.OrderconfirmAction">
      <forward name="success" path="/orderConfirm.jsp" />
    </action>
    
    <action path="/submitorder" type="struts.action.SubmitorderAction">
      <forward name="success" path="/orderDone.jsp" />
    </action>
    
    <action path="/selectcart" type="struts.action.SelectcartAction">
      <forward name="success" path="/cart.jsp" />
    </action>
    
    <action path="/showOrder" type="struts.action.ShowOrderAction">
      <forward name="success" path="/showOrder.jsp" />
    </action>
    
   
    <action
      attribute="updateDataForm"
      name="updateDataForm"
      path="/updateData"
      scope="request"
      type="struts.action.UpdateDataAction"
      validate="false">
     <forward name="fail" path="/modify.jsp" />
      <forward name="success" path="/query.do" />
      <forward name="a" path="/a.jsp"/>
      </action>
      
    <action path="/query" type="struts.action.QueryAction">
      <forward name="update" path="/updateData.do" />
      <forward name="query" path="/data.jsp" />
    </action>
    
    <action path="/points" type="struts.action.PointsAction">
      <forward name="success" path="/points.jsp" />
    </action>
    
    <action path="/prize" type="struts.action.PrizeAction">
      <forward name="success" path="/prize.jsp" />
    </action>
     
    <action path="/exam" type="struts.action.ExamAction">
      <forward name="success" path="/exam.jsp" />
    </action>
    
    <action
      attribute="examResultForm"
      name="examResultForm"
      path="/examResult"
      scope="request" 
      type="struts.action.ExamResultAction"
      validate="false">
      <forward name="success" path="/examResult.jsp" />
    </action>
    
    <action path="/queryMessage" type="struts.action.QueryMessageAction">
      <forward name="queryMessage" path="/queryMessage.jsp" />
    </action>
    
    <action
      attribute="addMessageForm"
      name="addMessageForm"
      path="/addMessage"
      scope="request"
      type="struts.action.AddMessageAction"
      validate="false">
      <forward name="success" path="/queryMessage.do" />
      <forward name="fail" path="/addMessage.jsp" />
    </action>
    
    <action path="/queryMyMessage" type="struts.action.QueryMyMessageAction">
     <forward name="deleteMessage" path="/deleteMessage.jsp" />
      <forward name="queryMyMessage" path="/queryMyMessage.jsp" />
    </action>
    
    <action 
    path="/deleteMessage"
    type="struts.action.DeleteMessageAction">
      <forward name="success" path="/queryMyMessage.do" />
    </action>
    
    
    <action
      attribute="mloginForm"
      name="mloginForm"
      path="/mlogin"
      scope="request"
      type="struts.action.MloginAction"
      validate="false">
      <forward name="fail" path="/mlogin.jsp" />
      <forward name="success" path="/managerIndex.jsp" />
    </action>
    
    <action
      attribute="mRegistForm"
      name="mRegistForm"
      path="/mRegist"
      scope="request"
      type="struts.action.MRegistAction"
      validate="false">
      <forward name="fail" path="/mRegist.jsp" />
      <forward name="success" path="/mlogin.jsp" />
    </action>
    
    <action
      attribute="addActivityForm"
      name="addActivityForm" 
      path="/addActivity"
      scope="request"
      type="struts.action.AddActivityAction"
      cancellable="true">
      <forward name="fail" path="/addActivity.jsp" />
      <forward name="success" path="/finishAddActivity.jsp" />
    </action>
    
    <action path="/queryActivity" type="struts.action.QueryActivityAction">
      <forward name="success" path="/queryActivity.jsp" />
      <forward name="managerQuery" path="/managerQueryActivity.jsp" />
      <forward name="modify" path="/modifyActivity.jsp"/>
      <forward name="delete" path="/deleteActivity.jsp"/>
    </action>
    
    <action path="/queryDetailActivity" type="struts.action.QueryDetailActivityAction">
      <forward name="fail" path="/queryActivity.jsp" />
      <forward name="success" path="/queryDetailActivity.jsp" />
      <forward name="manager" path="/goModifyActivity.jsp"/>
      <forward name="delete" path="/goDeleteActivity.jsp"/>
      <forward name="managerDetail" path="/managerDetailActivity.jsp"/>
    </action>
    
    <action
      attribute="modifyActivityForm"
      name="modifyActivityForm"
      path="/modifyActivity"
      scope="request"
      type="struts.action.ModifyActivityAction">
      <forward name="fail" path="/goModifyActivity.jsp" />
      <forward name="success" path="/finishModifyActivity.jsp" />
    </action>
    
    <action path="/deleteActivity" type="struts.action.DeleteActivityAction">
      <forward name="fail" path="/goDeleteActivity.jsp" />
      <forward name="success" path="/finishDeleteActivity.jsp" />
    </action>
    
    <action path="/managerUser" type="struts.action.ManagerUserAction">
      <forward name="success" path="/managerUser.jsp" />
      <forward name="modify" path="/managerModifyUser.jsp"/>
      <forward name="deleteUser" path="/deleteUser.jsp"/>
      <forward name="queryOrder" path="/managerOrderUser.jsp"/>
      <forward name="deleteOrder" path="/deleteOrder.jsp"/>
    </action>
      
    <action path="/managerUserDetail" type="struts.action.ManagerUserDetailAction">
      <forward name="success" path="/managerUserDetail.jsp" />
      <forward name="modifyUser" path="/modifyUser.do" />
      <forward name="modify" path="/goManagerModifyUser.jsp"/> 
      <forward name="delete" path="/goDeleteUser.jsp"/>
    </action>
    
    <action
      attribute="modifyUserForm"
      name="modifyUserForm"
      path="/modifyUser"
      scope="request"
      type="struts.action.ModifyUserAction">
      <forward name="fail" path="/modifyUser.jsp" />
      <forward name="success" path="/managerUserDetail.do" />
    </action>
    
    <action
      attribute="modifyUserForm"
      name="modifyUserForm"
      path="/managerModifyUser"
      scope="request"
      type="struts.action.ManagerModifyUserAction"
      validate="false">
      <forward name="fail" path="/goManagerModifyUser.jsp" />
      <forward name="success" path="/finishManagerModifyUser.jsp" />
    </action>
    
    <action path="/deleteUser" type="struts.action.DeleteUserAction">
      <forward name="fail" path="/goDeleteUser.jsp" />
      <forward name="success" path="/finishDeleteUser.jsp" />
    </action>
    
    <action path="/queryManagerShop" type="struts.action.QueryManagerShopAction">
      <forward name="success" path="/shop.jsp" />
      <forward name="deleteShop" path="/deleteShop.jsp"/>
      <forward name="modifyShop" path="/modifyShop.jsp"/>
    </action>
    
    <action
      attribute="addShopForm"
      name="addShopForm"
      path="/addShop"
      scope="request"
      type="struts.action.AddShopAction"
      validate="false">
      <forward name="fail" path="/addShop.jsp" />
      <forward name="success" path="/finishAddShop.jsp" />
    </action>
    
    <action path="/deleteShop" type="struts.action.DeleteShopAction">
      <forward name="success" path="/finishDeleteShop.jsp" />
    </action>
    
    <action
      attribute="modifyShopForm"
      name="modifyShopForm"
      path="/modifyShop"
      scope="request"
      type="struts.action.ModifyShopAction"
      validate="false">
      <forward name="fail" path="/doModifyShop.jsp" />
      <forward name="success" path="/finishModifyShop.jsp" />
    </action>
    
    <action path="/queryAManagerShop" type="struts.action.QueryAManagerShopAction">
      <forward name="success" path="/doModifyShop.jsp" />
    </action>
    
    
    
    <action path="/workTime" type="struts.action.WorkTimeAction">
      <forward name="manager" path="/managerWorkTime.jsp"/>
      <forward name="success" path="/workTime.jsp" />
      <forward name="modify" path="/modifyWorkTime.jsp"/>
      <forward name="delete" path="/deleteWorkTime.jsp"/>
      <forward name="co" path="/cWorkTime.jsp"/>
    </action>
    
    <action
      path="/detailWorkTime"
      type="struts.action.DetailWorkTimeAction">
      <forward name="fail" path="/detailWorkTime.jsp" />
      <forward name="wt1" path="/detailWorkTime1.jsp" />
      <forward name="wt2" path="/detailWorkTime2.jsp" />
      <forward name="wt3" path="/detailWorkTime3.jsp" />
      <forward name="wt4" path="/detailWorkTime4.jsp" />
      <forward name="dwt1" path="/deleteWorkTime1.jsp" />
      <forward name="dwt2" path="/deleteWorkTime2.jsp" />
      <forward name="dwt3" path="/deleteWorkTime3.jsp" />
      <forward name="dwt4" path="/deleteWorkTime4.jsp" />
    </action>
    
    <action path="/oneWorkTime" type="struts.action.OneWorkTimeAction">
      <forward name="success" path="/goModifyWorkTime.jsp" />
    </action>
    
     <action
      attribute="modifyWorkTimeForm"
      name="modifyWorkTimeForm"
      path="/modifyWorkTime"
      scope="request"
      type="struts.action.ModifyWorkTimeAction"
      validate="false">
      <forward name="fail" path="/goModifyWorkTime.jsp" />
      <forward name="success" path="/finishModifyWorkTime.jsp" />
    </action>
    
    <action
      attribute="addExperienceForm"
      name="addExperienceForm"
      path="/addExperience"
      scope="request"
      type="struts.action.AddExperienceAction"
      validate="true">
      <forward name="fail" path="/addExperience.jsp" />
      <forward name="success" path="/finishAddExperience.jsp" />
    </action>
     
    <action path="/queryExperience" type="struts.action.QueryExperienceAction">
      <forward name="manager" path="/managerQueryExperience.jsp" />
      <forward name="success" path="/queryExperience.jsp" />
      <forward name="detail" path="/detailExperience.jsp"/>
      <forward name="delete" path="/deleteExperience.jsp"/>
    </action>
    
      <action path="/detailExperience" type="struts.action.DetailExperienceAction">
      <forward name="success" path="/goModifyExperience.jsp" />
      <forward name="delete" path="/goDeleteExperience.jsp"/>
      <forward name="managerQE" path="/managerQE.jsp"/>
      <forward name="c" path="/e1.jsp"/>
    </action>
    
    <action
      attribute="modifyExperienceForm"
      name="modifyExperienceForm"
      path="/modifyExperience"
      scope="request"
      type="struts.action.ModifyExperienceAction"
      validate="false">
      <forward name="fail" path="/goModifExperience.jsp" />
      <forward name="success" path="/finishModifyExperience.jsp" />
    </action>
    
    <action path="/deleteExperience" type="struts.action.DeleteExperienceAction">
      <forward name="fail" path="/goDeleteExperience.jsp" />
      <forward name="success" path="/finishDeleteExperience.jsp" />
    </action>
    
    <action path="/queryTM" type="struts.action.QueryTMAction">
      <forward name="success" path="/queryTM.jsp" />
      <forward name="manager" path="/managerQueryTM.jsp" />
      <forward name="modifyTM" path="/managerModifyTM.jsp"/>
      <forward name="deleteTM" path="/managerDeleteTM.jsp"/>
    </action>
    
    <action
      attribute="addTMForm"
      name="addTMForm"
      path="/addTM"
      scope="request"
      type="struts.action.AddTMAction"
      validate="false">
      <forward name="fail" path="/addTM.jsp" />
      <forward name="success" path="/finishAddTM.jsp" />
    </action>
    
    <action path="/detailTM" type="struts.action.DetailTMAction">
      <forward name="success" path="/detailTM.jsp"/>
      <forward name="manager" path="/modifyTM.do" />
      <forward name="delete" path="/deleteTM.jsp"/>
      <forward name="managerDetail" path="/managerDetailTM.jsp"/>
    </action>
    
    <action
      attribute="modifyTMForm"
      name="modifyTMForm"
      path="/modifyTM"
      scope="request"
      type="struts.action.ModifyTMAction"
      validate="false">
      <forward name="fail" path="/goModifyTM.jsp" />
      <forward name="success" path="/finishModifyTM.jsp" />
    </action>
    
    <action path="/deleteTM" type="struts.action.DeleteTMAction">
      <forward name="fail" path="/detailTM.jsp" />
      <forward name="success" path="/finishDeleteTM.jsp" />
    </action>
    
    <action path="/exit" type="struts.action.ExitAction">
      <forward name="fail" path="/Index.jsp" />
      <forward name="success" path="/aIndex.jsp" />
    </action>
    
    <action path="/queryAllOrder" type="struts.action.QueryAllOrderAction">
      <forward name="success" path="/queryAllOrder.jsp" />
      <forward name="delete"  path="/goDeleteOrder.jsp"/>
    </action>
    
    <action path="/deleteOrder" type="struts.action.DeleteOrderAction">
      <forward name="success" path="/finishDeleteOrder.jsp" />
    </action>
    
    <action
      attribute="addWorkTimeForm"
      name="addWorkTimeForm"
      path="/addWorkTime"
      scope="request"
      type="struts.action.AddWorkTimeAction"
      validate="false">
      <forward name="success" path="/finishAddWorkTime.jsp" />
    </action>
    
    <action path="/deleteWorkTime" type="struts.action.DeleteWorkTimeAction">
      <forward name="success" path="/finishDeleteWorkTime.jsp" />
    </action>
     
     <action path="/chinese"
    type="struts.action.ChineseAction"
    cancellable="true">
    <forward name="success" path="/Regist.jsp" />
    </action>

    <action path="/english"
    type="struts.action.EnglishAction"
    cancellable="true">
    <forward name="success" path="/Regist.jsp"/>
    </action>
    
    <action
      attribute="modifyPWForm"
      name="modifyPWForm"
      path="/password"
      scope="request"
      type="struts.action.PasswordAction"
      validate="false">
      <forward name="success" path="/finishPW.jsp" />
      <forward name="fail" path="/password.jsp" />
    </action>
    
    </action-mappings>
  <message-resources parameter="com.yourcompany.struts.ApplicationResources" />
</struts-config>

